covariate,coef,exp(coef),se(coef),coef lower 95%,coef upper 95%,exp(coef) lower 95%,exp(coef) upper 95%,cmp to,z,p,-log2(p)
bmi,-0.024712475846031506,0.9755903775040128,0.037262330966547984,-0.09774530252047714,0.04832035082841413,0.9068798543545387,1.049506811854188,0.0,-0.6632026286336453,0.5072007881999764,0.9793711074319001
age,-0.017163514778776846,0.9829829392552915,0.017769657346266985,-0.05199140319507773,0.017664373637524038,0.9493370280730451,1.0178213113927177,0.0,-0.9658888995055678,0.3340997774910158,1.5816490730427188
weight,-0.00992906221489392,0.990120068182627,0.01094403382020656,-0.03137897434808708,0.01152084991829924,0.9691082363127348,1.0115874705058345,0.0,-0.9072579981031634,0.36427037982087274,1.4569184059358877
parity,0.07986574438257152,1.083141640063291,0.10283508881161768,-0.12168732603517701,0.28141881480032005,0.8854251746252422,1.325008420881587,0.0,0.7766390373705669,0.4373717632229839,1.1930680120714028
