BMI组,样本量,达标比例,最早达标孕周,CI_lower,CI_upper
<20,0,0.0,,,
"[20,28)",19,0.8421052631578947,12.14285714285714,12.14285714285714,13.0
"[28,32)",540,0.8944444444444445,11.0,11.0,11.0
"[32,36)",412,0.883495145631068,11.14285714285714,11.14285714285714,11.42857142857143
"[36,40)",93,0.6559139784946236,11.28571428571429,11.28571428571429,12.57142857142857
>=40,18,0.7222222222222222,12.0,12.0,19.57142857142857
