acc,recall,precision,specificity,auc,thr
0.6611570247933884,0.5384615384615384,0.16666666666666666,0.6759259259259259,0.542022792022792,0.49607647398709237
0.34710743801652894,0.9230769230769231,0.13333333333333333,0.2777777777777778,0.5534188034188035,0.37338884283273766
0.18181818181818182,1.0,0.11607142857142858,0.08333333333333333,0.4123931623931624,0.4885495163712227
0.7024793388429752,0.5714285714285714,0.21052631578947367,0.719626168224299,0.6515353805073432,0.5195455050928143
0.32231404958677684,0.9285714285714286,0.13829787234042554,0.24299065420560748,0.5447263017356475,0.37049695644336733
