acc,recall,precision,specificity,auc,thr
0.5537190082644629,0.6923076923076923,0.15254237288135594,0.5370370370370371,0.5363247863247863,0.08333333333333333
0.8016528925619835,0.3076923076923077,0.21052631578947367,0.8611111111111112,0.570868945868946,0.205
0.256198347107438,1.0,0.1262135922330097,0.16666666666666666,0.5626780626780628,0.035
0.6528925619834711,0.6428571428571429,0.1956521739130435,0.6542056074766355,0.5987983978638184,0.12166666666666667
0.30578512396694213,1.0,0.14285714285714285,0.21495327102803738,0.5624165554072096,0.043333333333333335
